insert into authors (id, first_name, last_name, slug) values (1, 'Aldwin', 'Maddison', 'auth-mpw-230');
insert into authors (id, first_name, last_name, slug) values (2, 'Marlene', 'Claydon', 'auth-ack-858');
insert into authors (id, first_name, last_name, slug) values (3, 'Maurits', 'Brende', 'auth-izm-835');
insert into authors (id, first_name, last_name, slug) values (4, 'Constantine', 'Garton', 'auth-cjv-956');
insert into authors (id, first_name, last_name, slug) values (5, 'Kali', 'Barends', 'auth-hkc-502');
insert into authors (id, first_name, last_name, slug) values (6, 'Courtnay', 'Farleigh', 'auth-dlp-780');
insert into authors (id, first_name, last_name, slug) values (7, 'Yorke', 'MacDwyer', 'auth-nyk-591');
insert into authors (id, first_name, last_name, slug) values (8, 'Cristiano', 'Peasey', 'auth-sqm-653');
insert into authors (id, first_name, last_name, slug) values (9, 'Tod', 'Woolaston', 'auth-hmg-386');
insert into authors (id, first_name, last_name, slug) values (10, 'Jen', 'Cunney', 'auth-xqp-014');
insert into authors (id, first_name, last_name, slug) values (11, 'Shalom', 'Rodbourne', 'auth-yjw-582');
insert into authors (id, first_name, last_name, slug) values (12, 'Collin', 'Spaughton', 'auth-oeq-832');
insert into authors (id, first_name, last_name, slug) values (13, 'Honoria', 'Matthesius', 'auth-lxo-501');
insert into authors (id, first_name, last_name, slug) values (14, 'Daron', 'Scarce', 'auth-bbs-752');
insert into authors (id, first_name, last_name, slug) values (15, 'Khalil', 'Arnull', 'auth-oip-547');
insert into authors (id, first_name, last_name, slug) values (16, 'Tisha', 'Dauber', 'auth-aqb-153');
insert into authors (id, first_name, last_name, slug) values (17, 'Tedd', 'Burles', 'auth-qbo-315');
insert into authors (id, first_name, last_name, slug) values (18, 'Randie', 'Andreas', 'auth-brl-492');
insert into authors (id, first_name, last_name, slug) values (19, 'Karlene', 'Granger', 'auth-jdb-197');
insert into authors (id, first_name, last_name, slug) values (20, 'Major', 'Mattersley', 'auth-ldi-092');
insert into authors (id, first_name, last_name, slug) values (21, 'Hatti', 'Skelbeck', 'auth-wkf-204');

insert into tags (id, tag_name) values (1, 'Romance');
insert into tags (id, tag_name) values (2, 'Drama');
insert into tags (id, tag_name) values (3, 'Adventure');
insert into tags (id, tag_name) values (4, 'Action');
insert into tags (id, tag_name) values (5, 'Comedy');
insert into tags (id, tag_name) values (6, 'Children');
insert into tags (id, tag_name) values (7, 'Fantasy');
insert into tags (id, tag_name) values (8, 'Horror');
insert into tags (id, tag_name) values (9, 'Thriller');
insert into tags (id, tag_name) values (10, 'Western');
insert into tags (id, tag_name) values (11, 'Documentary');

insert into genre (id, parent_id, slug, name, category) values (1, 4, 'genre-uwc-457', 'Очень смешно', 'Comedy');
insert into genre (id, parent_id, slug, name, category) values (2, 8, 'genre-jok-726', 'Новые', 'Documentary');
insert into genre (id, parent_id, slug, name, category) values (3, 2, 'genre-pwr-023', 'Старые', 'Comedy');
insert into genre (id, parent_id, slug, name, category) values (4, 1, 'genre-glb-404', 'Старое', 'Drama|Romance');
insert into genre (id, parent_id, slug, name, category) values (5, 7, 'genre-xqr-179', 'Очень смешно', 'Children|Comedy|Fantasy');
insert into genre (id, parent_id, slug, name, category) values (6, 7, 'genre-pep-841', 'Новые', 'Fantasy|Romance');
insert into genre (id, parent_id, slug, name, category) values (7, 7, 'genre-rin-587', 'Старое', 'Comedy|Romance');
insert into genre (id, parent_id, slug, name, category) values (8, 1, 'genre-xvs-088', 'Мелодрама', 'Drama');
insert into genre (id, parent_id, slug, name, category) values (9, 2, 'genre-lew-627', 'Плаксивое', 'Drama');
insert into genre (id, parent_id, slug, name, category) values (10, 3, 'genre-iie-248', 'Новые', 'Adventure|Animation|Children|Fantasy|Musical');
insert into genre (id, parent_id, slug, name, category) values (11, 2, 'genre-jpj-323', 'Драма', 'Drama|War');
insert into genre (id, parent_id, slug, name, category) values (12, 2, 'genre-jzf-928', 'Мелодрама', 'Comedy|Drama');
insert into genre (id, parent_id, slug, name, category) values (13, 8, 'genre-yzs-702', 'Старое', 'Horror|Thriller');
insert into genre (id, parent_id, slug, name, category) values (14, 1, 'genre-rgw-243', 'Старое', 'Action|Documentary|Drama|Thriller');
insert into genre (id, parent_id, slug, name, category) values (15, 8, 'genre-ebu-494', 'Лучшее', 'Horror');
insert into genre (id, parent_id, slug, name, category) values (16, 8, 'genre-ezl-077', 'Старое', 'Action|Adventure|Sci-Fi|War|IMAX');
insert into genre (id, parent_id, slug, name, category) values (17, 9, 'genre-eeb-187', 'Лучшее', 'Children|Comedy|Crime|Drama|Fantasy');
insert into genre (id, parent_id, slug, name, category) values (18, 9, 'genre-aym-789', 'Лучшее', 'Comedy');
insert into genre (id, parent_id, slug, name, category) values (19, 3, 'genre-kqg-015', 'Старое', 'Comedy');
insert into genre (id, parent_id, slug, name, category) values (20, 8, 'genre-ccq-030', 'Лучшее', 'Action|Crime|Thriller');
insert into genre (id, parent_id, slug, name, category) values (21, 1, 'genre-yif-802', 'Лучшее', 'Crime|Drama|Thriller');
insert into genre (id, parent_id, slug, name, category) values (22, 0, 'genre-gil-597', 'Лучшее', 'Comedy|Drama');
insert into genre (id, parent_id, slug, name, category) values (23, 2, 'genre-sqv-169', 'Лучшее', 'Comedy|Crime');
insert into genre (id, parent_id, slug, name, category) values (24, 5, 'genre-zet-381', 'Очень смешно', 'Comedy');
insert into genre (id, parent_id, slug, name, category) values (25, 3, 'genre-gzc-532', 'Драма', 'Drama');

insert into books (id, users_buy_this_book, users_have_this_book_in_cart, users_how_postponed_book, pub_date, is_bestseller, slug, title, image, description, price, discount, author_id, tag_id, genre_id) values (1, 5, 7, 0, '21.07.2021', 0, 'book-785-jdr', 'The Natural Love', 'http://dummyimage.com/194x100.png/ff4444/ffffff', 'Morbi porttitor lorem id ligula. Suspendisse ornare consequat lectus. In est risus, auctor sed, tristique in, tempus sit amet, sem. Fusce consequat. Nulla nisl.', 2189, 0, 14, 11, 2);
insert into books (id, users_buy_this_book, users_have_this_book_in_cart, users_how_postponed_book, pub_date, is_bestseller, slug, title, image, description, price, discount, author_id, tag_id, genre_id) values (2, 5, 4, 9, '10.08.2020', 0, 'book-488-qvx', 'Long Day Closes, The', 'http://dummyimage.com/185x100.png/cc0000/ffffff', 'Nulla suscipit ligula in lacus. Curabitur at ipsum ac tellus semper interdum. Mauris ullamcorper purus sit amet nulla. Quisque arcu libero, rutrum ac, lobortis vel, dapibus at, diam. Nam tristique tortor eu pede.', 1811, 0, 5, 11, 11);
insert into books (id, users_buy_this_book, users_have_this_book_in_cart, users_how_postponed_book, pub_date, is_bestseller, slug, title, image, description, price, discount, author_id, tag_id, genre_id) values (3, 4, 0, 2, '01.05.2020', 1, 'book-026-lsk', 'Jerry Springer: The Opera', 'http://dummyimage.com/110x100.png/cc0000/ffffff', 'Quisque ut erat. Curabitur gravida nisi at nibh. In hac habitasse platea dictumst. Aliquam augue quam, sollicitudin vitae, consectetuer eget, rutrum at, lorem. Integer tincidunt ante vel ipsum. Praesent blandit lacinia erat.', 1733, 0, 12, 11, 15);
insert into books (id, users_buy_this_book, users_have_this_book_in_cart, users_how_postponed_book, pub_date, is_bestseller, slug, title, image, description, price, discount, author_id, tag_id, genre_id) values (4, 8, 4, 9, '04.06.2020', 1, 'book-014-gmy', 'Against The Sun', 'http://dummyimage.com/156x100.png/5fa2dd/ffffff', 'Nulla tellus. In sagittis dui vel nisl. Duis ac nibh. Fusce lacus purus, aliquet at, feugiat non, pretium quis, lectus. Suspendisse potenti. In eleifend quam a odio.', 1141, 0, 16, 5, 3);
insert into books (id, users_buy_this_book, users_have_this_book_in_cart, users_how_postponed_book, pub_date, is_bestseller, slug, title, image, description, price, discount, author_id, tag_id, genre_id) values (5, 5, 7, 0, '22.09.2021', 1, 'book-494-ylp', 'Wreck-It Ralph', 'http://dummyimage.com/119x100.png/cc0000/ffffff', 'Mauris sit amet eros. Suspendisse accumsan tortor quis turpis. Sed ante. Vivamus tortor. Duis mattis egestas metus. Aenean fermentum.', 522, 0, 19, 2, 5);
insert into books (id, users_buy_this_book, users_have_this_book_in_cart, users_how_postponed_book, pub_date, is_bestseller, slug, title, image, description, price, discount, author_id, tag_id, genre_id) values (6, 1, 9, 7, '26.08.2021', 0, 'book-264-ikq', 'Jekyll & Hyde... Together Again', 'http://dummyimage.com/108x100.png/5fa2dd/ffffff', 'Nullam porttitor lacus at turpis. Donec posuere metus vitae ipsum. Aliquam non mauris. Morbi non lectus. Aliquam sit amet diam in magna bibendum imperdiet. Nullam orci pede, venenatis non, sodales sed, tincidunt eu, felis.', 2089, 0, 16, 10, 14);
insert into books (id, users_buy_this_book, users_have_this_book_in_cart, users_how_postponed_book, pub_date, is_bestseller, slug, title, image, description, price, discount, author_id, tag_id, genre_id) values (7, 0, 2, 2, '14.03.2020', 1, 'book-385-uiz', 'Just a Kiss', 'http://dummyimage.com/182x100.png/dddddd/000000', 'Aliquam sit amet diam in magna bibendum imperdiet. Nullam orci pede, venenatis non, sodales sed, tincidunt eu, felis. Fusce posuere felis sed lacus. Morbi sem mauris, laoreet ut, rhoncus aliquet, pulvinar sed, nisl. Nunc rhoncus dui vel sem.', 1033, 0, 1, 11, 14);
insert into books (id, users_buy_this_book, users_have_this_book_in_cart, users_how_postponed_book, pub_date, is_bestseller, slug, title, image, description, price, discount, author_id, tag_id, genre_id) values (8, 8, 9, 7, '01.03.2021', 1, 'book-677-ily', 'April Showers', 'http://dummyimage.com/146x100.png/ff4444/ffffff', 'Quisque id justo sit amet sapien dignissim vestibulum. Vestibulum ante ipsum primis in faucibus orci luctus et ultrices posuere cubilia Curae; Nulla dapibus dolor vel est. Donec odio justo, sollicitudin ut, suscipit a, feugiat et, eros. Vestibulum ac est lacinia nisi venenatis tristique. Fusce congue, diam id ornare imperdiet, sapien urna pretium nisl, ut volutpat sapien arcu sed augue.', 1430, 0, 21, 4, 7);
insert into books (id, users_buy_this_book, users_have_this_book_in_cart, users_how_postponed_book, pub_date, is_bestseller, slug, title, image, description, price, discount, author_id, tag_id, genre_id) values (9, 7, 2, 4, '11.07.2019', 0, 'book-280-auw', 'Henry V (Chronicle History of King Henry the Fift with His Battell Fought at Agincourt in France, The)', 'http://dummyimage.com/142x100.png/cc0000/ffffff', 'Maecenas ut massa quis augue luctus tincidunt. Nulla mollis molestie lorem. Quisque ut erat. Curabitur gravida nisi at nibh. In hac habitasse platea dictumst. Aliquam augue quam, sollicitudin vitae, consectetuer eget, rutrum at, lorem.', 2178, 0, 16, 3, 5);
insert into books (id, users_buy_this_book, users_have_this_book_in_cart, users_how_postponed_book, pub_date, is_bestseller, slug, title, image, description, price, discount, author_id, tag_id, genre_id) values (10, 7, 4, 3, '24.01.2020', 0, 'book-487-ikp', 'Viva Cuba', 'http://dummyimage.com/150x100.png/ff4444/ffffff', 'In hac habitasse platea dictumst. Aliquam augue quam, sollicitudin vitae, consectetuer eget, rutrum at, lorem. Integer tincidunt ante vel ipsum. Praesent blandit lacinia erat. Vestibulum sed magna at nunc commodo placerat. Praesent blandit.', 1527, 0, 1, 7, 6);
insert into books (id, users_buy_this_book, users_have_this_book_in_cart, users_how_postponed_book, pub_date, is_bestseller, slug, title, image, description, price, discount, author_id, tag_id, genre_id) values (11, 6, 5, 0, '01.01.2022', 1, 'book-512-kmh', 'Virunga', 'http://dummyimage.com/136x100.png/ff4444/ffffff', 'Donec posuere metus vitae ipsum. Aliquam non mauris. Morbi non lectus. Aliquam sit amet diam in magna bibendum imperdiet. Nullam orci pede, venenatis non, sodales sed, tincidunt eu, felis. Fusce posuere felis sed lacus.', 636, 0, 20, 6, 9);
insert into books (id, users_buy_this_book, users_have_this_book_in_cart, users_how_postponed_book, pub_date, is_bestseller, slug, title, image, description, price, discount, author_id, tag_id, genre_id) values (12, 8, 7, 3, '24.08.2020', 0, 'book-977-bjy', 'Werner - Gekotzt wird später', 'http://dummyimage.com/185x100.png/ff4444/ffffff', 'Proin at turpis a pede posuere nonummy. Integer non velit. Donec diam neque, vestibulum eget, vulputate ut, ultrices vel, augue. Vestibulum ante ipsum primis in faucibus orci luctus et ultrices posuere cubilia Curae; Donec pharetra, magna vestibulum aliquet ultrices, erat tortor sollicitudin mi, sit amet lobortis sapien sapien non mi. Integer ac neque.', 1791, 0, 16, 3, 13);
insert into books (id, users_buy_this_book, users_have_this_book_in_cart, users_how_postponed_book, pub_date, is_bestseller, slug, title, image, description, price, discount, author_id, tag_id, genre_id) values (13, 7, 6, 4, '04.11.2020', 1, 'book-017-ipm', 'PTU', 'http://dummyimage.com/141x100.png/5fa2dd/ffffff', 'Nulla mollis molestie lorem. Quisque ut erat. Curabitur gravida nisi at nibh. In hac habitasse platea dictumst. Aliquam augue quam, sollicitudin vitae, consectetuer eget, rutrum at, lorem.', 674, 0, 12, 9, 5);
insert into books (id, users_buy_this_book, users_have_this_book_in_cart, users_how_postponed_book, pub_date, is_bestseller, slug, title, image, description, price, discount, author_id, tag_id, genre_id) values (14, 7, 8, 7, '20.12.2020', 0, 'book-467-fll', 'Eros', 'http://dummyimage.com/241x100.png/5fa2dd/ffffff', 'Aenean fermentum. Donec ut mauris eget massa tempor convallis. Nulla neque libero, convallis eget, eleifend luctus, ultricies eu, nibh. Quisque id justo sit amet sapien dignissim vestibulum. Vestibulum ante ipsum primis in faucibus orci luctus et ultrices posuere cubilia Curae; Nulla dapibus dolor vel est. Donec odio justo, sollicitudin ut, suscipit a, feugiat et, eros.', 961, 0, 20, 2, 10);
insert into books (id, users_buy_this_book, users_have_this_book_in_cart, users_how_postponed_book, pub_date, is_bestseller, slug, title, image, description, price, discount, author_id, tag_id, genre_id) values (15, 3, 9, 0, '13.02.2021', 1, 'book-663-pml', 'Elevator Girl', 'http://dummyimage.com/166x100.png/ff4444/ffffff', 'In sagittis dui vel nisl. Duis ac nibh. Fusce lacus purus, aliquet at, feugiat non, pretium quis, lectus. Suspendisse potenti. In eleifend quam a odio.', 1606, 0, 9, 7, 3);
insert into books (id, users_buy_this_book, users_have_this_book_in_cart, users_how_postponed_book, pub_date, is_bestseller, slug, title, image, description, price, discount, author_id, tag_id, genre_id) values (16, 4, 0, 7, '05.09.2020', 0, 'book-649-ebj', 'This Happy Breed', 'http://dummyimage.com/241x100.png/cc0000/ffffff', 'Fusce congue, diam id ornare imperdiet, sapien urna pretium nisl, ut volutpat sapien arcu sed augue. Aliquam erat volutpat. In congue. Etiam justo. Etiam pretium iaculis justo. In hac habitasse platea dictumst.', 1138, 0, 3, 6, 1);
insert into books (id, users_buy_this_book, users_have_this_book_in_cart, users_how_postponed_book, pub_date, is_bestseller, slug, title, image, description, price, discount, author_id, tag_id, genre_id) values (17, 0, 2, 4, '26.06.2021', 1, 'book-757-tej', 'Damnation Alley', 'http://dummyimage.com/133x100.png/ff4444/ffffff', 'Cras in purus eu magna vulputate luctus. Cum sociis natoque penatibus et magnis dis parturient montes, nascetur ridiculus mus. Vivamus vestibulum sagittis sapien. Cum sociis natoque penatibus et magnis dis parturient montes, nascetur ridiculus mus. Etiam vel augue. Vestibulum rutrum rutrum neque.', 551, 0, 6, 10, 12);
insert into books (id, users_buy_this_book, users_have_this_book_in_cart, users_how_postponed_book, pub_date, is_bestseller, slug, title, image, description, price, discount, author_id, tag_id, genre_id) values (18, 1, 0, 1, '03.07.2021', 1, 'book-258-okt', 'Mating Game, The', 'http://dummyimage.com/134x100.png/5fa2dd/ffffff', 'Donec semper sapien a libero. Nam dui. Proin leo odio, porttitor id, consequat in, consequat ut, nulla. Sed accumsan felis. Ut at dolor quis odio consequat varius.', 774, 0, 8, 6, 13);
insert into books (id, users_buy_this_book, users_have_this_book_in_cart, users_how_postponed_book, pub_date, is_bestseller, slug, title, image, description, price, discount, author_id, tag_id, genre_id) values (19, 4, 6, 1, '15.06.2020', 0, 'book-764-dnf', 'Highway to Hell', 'http://dummyimage.com/193x100.png/5fa2dd/ffffff', 'Nulla ut erat id mauris vulputate elementum. Nullam varius. Nulla facilisi. Cras non velit nec nisi vulputate nonummy. Maecenas tincidunt lacus at velit. Vivamus vel nulla eget eros elementum pellentesque.', 858, 0, 14, 9, 11);
insert into books (id, users_buy_this_book, users_have_this_book_in_cart, users_how_postponed_book, pub_date, is_bestseller, slug, title, image, description, price, discount, author_id, tag_id, genre_id) values (20, 7, 4, 0, '21.08.2019', 0, 'book-356-xrt', 'Seducing Mr. Perfect', 'http://dummyimage.com/137x100.png/cc0000/ffffff', 'Praesent blandit lacinia erat. Vestibulum sed magna at nunc commodo placerat. Praesent blandit. Nam nulla. Integer pede justo, lacinia eget, tincidunt eget, tempus vel, pede. Morbi porttitor lorem id ligula.', 960, 0, 5, 1, 17);
insert into books (id, users_buy_this_book, users_have_this_book_in_cart, users_how_postponed_book, pub_date, is_bestseller, slug, title, image, description, price, discount, author_id, tag_id, genre_id) values (21, 8, 0, 4, '05.12.2019', 0, 'book-467-scs', 'Killer at Large', 'http://dummyimage.com/182x100.png/dddddd/000000', 'Vestibulum ante ipsum primis in faucibus orci luctus et ultrices posuere cubilia Curae; Mauris viverra diam vitae quam. Suspendisse potenti. Nullam porttitor lacus at turpis. Donec posuere metus vitae ipsum. Aliquam non mauris. Morbi non lectus.', 1974, 0, 16, 2, 16);
insert into books (id, users_buy_this_book, users_have_this_book_in_cart, users_how_postponed_book, pub_date, is_bestseller, slug, title, image, description, price, discount, author_id, tag_id, genre_id) values (22, 2, 9, 4, '19.09.2019', 0, 'book-574-zzp', 'Black Angel', 'http://dummyimage.com/206x100.png/ff4444/ffffff', 'Cras in purus eu magna vulputate luctus. Cum sociis natoque penatibus et magnis dis parturient montes, nascetur ridiculus mus. Vivamus vestibulum sagittis sapien. Cum sociis natoque penatibus et magnis dis parturient montes, nascetur ridiculus mus. Etiam vel augue. Vestibulum rutrum rutrum neque.', 1361, 0, 15, 7, 5);
insert into books (id, users_buy_this_book, users_have_this_book_in_cart, users_how_postponed_book, pub_date, is_bestseller, slug, title, image, description, price, discount, author_id, tag_id, genre_id) values (23, 8, 2, 1, '17.08.2019', 1, 'book-397-jcw', 'Beach Red', 'http://dummyimage.com/127x100.png/cc0000/ffffff', 'Aliquam augue quam, sollicitudin vitae, consectetuer eget, rutrum at, lorem. Integer tincidunt ante vel ipsum. Praesent blandit lacinia erat. Vestibulum sed magna at nunc commodo placerat. Praesent blandit. Nam nulla.', 1204, 0, 8, 8, 8);
insert into books (id, users_buy_this_book, users_have_this_book_in_cart, users_how_postponed_book, pub_date, is_bestseller, slug, title, image, description, price, discount, author_id, tag_id, genre_id) values (24, 5, 0, 3, '28.05.2021', 1, 'book-604-gdk', 'Mask', 'http://dummyimage.com/155x100.png/cc0000/ffffff', 'Vestibulum rutrum rutrum neque. Aenean auctor gravida sem. Praesent id massa id nisl venenatis lacinia. Aenean sit amet justo. Morbi ut odio.', 1321, 0, 19, 3, 1);
insert into books (id, users_buy_this_book, users_have_this_book_in_cart, users_how_postponed_book, pub_date, is_bestseller, slug, title, image, description, price, discount, author_id, tag_id, genre_id) values (25, 5, 2, 6, '16.05.2020', 1, 'book-216-gfc', 'Bright Young Things', 'http://dummyimage.com/144x100.png/cc0000/ffffff', 'Nulla justo. Aliquam quis turpis eget elit sodales scelerisque. Mauris sit amet eros. Suspendisse accumsan tortor quis turpis. Sed ante. Vivamus tortor.', 800, 0, 5, 2, 8);

insert into book_file (id, hash, type_id, path, book_id) values (1, 'fsdl342ladads76432', 1, 'The_Natural_Love.pdf',
                                                                 1);
insert into book_file (id, hash, type_id, path, book_id) values (2, 'asdl35436dads34235', 2, 'The_Natural_Love.epub',
                                                                 1);
insert into book_file (id, hash, type_id, path, book_id) values (3, 'qwer342lafdss34123', 3, 'The_Natural_Love.fb2',
                                                                 1);

insert into book_file (id, hash, type_id, path, book_id) values (4, 'hgfd342la543h34123', 1, 'Just a Kiss.pdf',
                                                                 2);

